Positive Meldung;Negative Meldung
âœ… Erfolgreich erledigt!;âŒ Leider nicht erledigt.
ğŸ’¾ Speichern war ein Erfolg!;âš ï¸ Speichern fehlgeschlagen!
ğŸ”„ Update abgeschlossen!;ğŸ”„ Update abgebrochen!
ğŸš€ Alles bereit!;â³ Noch nicht bereit!
ğŸ† Mission erfÃ¼llt!;ğŸ’¥ Mission gescheitert!
ğŸ‘ Gut gemacht!;ğŸ¤· Versuchâ€™s nochmal!
ğŸ”¥ LÃ¤uft perfekt!;â›” LÃ¤uft nicht ganz rund!
ğŸ‘ Top! Hat geklappt!;âŒ Oops! Hat nicht geklappt!
âœ… Daten erfolgreich aktualisiert!;âš ï¸ Daten konnten nicht aktualisiert werden.
ğŸ‰ Nice! Hat funktioniert!;ğŸ˜• Leider nicht funktioniert!
ğŸ”’ Deine Ã„nderungen sind gesichert!;ğŸ”“ Ã„nderungen nicht gesichert!
âœ¨ Yes! Erfolgreich gespeichert!;ğŸš« Speichern fehlgeschlagen!
âœ… Check! Alles erledigt!;âŒ Nicht erledigt!
ğŸ¯ Fertig! Und zwar erfolgreich!;ğŸ˜ Leider nicht erfolgreich!
ğŸ“¦ Auftrag ausgefÃ¼hrt!;âš ï¸ Auftrag konnte nicht ausgefÃ¼hrt werden!
ğŸš€ Dein Update ist live!;ğŸ”„ Update fehlgeschlagen!
ğŸŒŸ Super! Alles gespeichert!;ğŸš« Speichern hat nicht geklappt!
ğŸ“ Eingabe erfolgreich Ã¼bernommen!;âš ï¸ Eingabe nicht Ã¼bernommen!
ğŸŠ Tadaa! Alles gespeichert!;ğŸ˜• Tadaaâ€¦ oder auch nicht!
âš¡ Boom! Daten aktualisiert!;â›” Daten konnten nicht Ã¼bernommen werden!
âœ… BestÃ¤tigung: Erfolgreich abgeschlossen!;âŒ Leider nicht abgeschlossen!
ğŸ‘Œ Sauber! Alles passt!;ğŸ˜¬ Passt leider nicht!
ğŸ” Perfekt! Alles drin!;âŒ Nicht Ã¼bernommen!
ğŸ’¡ Gute Entscheidung â€“ hat geklappt!;ğŸ¤· Versuch war leider nicht erfolgreich!
ğŸš€ Top! Auftrag ausgefÃ¼hrt!;ğŸš« Auftrag konnte nicht ausgefÃ¼hrt werden!
âœ… Speichern? Check!;âŒ Speichern? Leider nein!
ğŸ™Œ Kein Problem â€“ alles erledigt!;âš ï¸ Problem aufgetreten!
ğŸ‘† Ein Klick â€“ und fertig!;ğŸ”„ Nochmal versuchen!
âœ¨ Super! Ist jetzt aktiv!;ğŸš« Leider nicht aktiv!
âš¡ Zack! Update lÃ¤uft!;âŒ Update fehlgeschlagen!
ğŸ¯ Nice! Deine Ã„nderungen sind drin!;ğŸ˜Ÿ Ã„nderungen wurden nicht gespeichert!
ğŸ… Erfolg! Alles Ã¼bernommen!;â›” Fehlgeschlagen!
âš¡ Schnell & erfolgreich erledigt!;âŒ Nicht erledigt!
ğŸˆ Dein Wunsch ist jetzt RealitÃ¤t!;ğŸš§ Leider nicht mÃ¶glich!
ğŸ’¾ Speichern war easy!;âš ï¸ Speichern war nicht erfolgreich!
"âœ… Check, dein Update ist online!";ğŸ”„ Update konnte nicht durchgefÃ¼hrt werden!
ğŸ“‚ Neue Daten? Sind jetzt da!;ğŸ“‚ Neue Daten? Leider nicht verfÃ¼gbar!
ğŸ” Dein Input ist gesichert!;ğŸ”“ Eingabe verloren!
ğŸ Fertig & startklar!;â³ Noch nicht startklar!
ğŸ’ Mega! Alles gespeichert!;âŒ Speichern hat nicht funktioniert!
ğŸš€ LÃ¤uft bei dir! Hat geklappt!;ğŸ˜ Leider nicht geklappt!
ğŸ‘Œ Super easy â€“ hat funktioniert!;ğŸš« Fehlversuch!
ğŸ¯ Alles bestens! Erfolg!;âš ï¸ Dein Plan wurde nicht umgesetzt!
ğŸš€ Dein Plan ist jetzt RealitÃ¤t!;âŒ Nicht gespeichert!
âœ… Passt perfekt! Ist jetzt drin!;â›” Daten konnten nicht Ã¼bernommen werden!
âš¡ Ging fix! Alles aktualisiert!;ğŸ”„ Nicht aktualisiert!
"ğŸ”„ Check, fertig, lÃ¤uft!";âŒ Fertig? Leider nicht!
ğŸ† Toll gemacht! Alles erfolgreich!;âš ï¸ Konnte nicht abgeschlossen werden!
ğŸŠ Speichern war ein Kinderspiel!;ğŸš« Speichern nicht mÃ¶glich!
ğŸ¥‡ Erfolg auf ganzer Linie!;ğŸ˜Ÿ Leider kein Erfolg!
